annee,annotation_basis,barème_suggéré,chapitre,competence,definition,exact_wording,explication,figure,id,importance,label,language,niveau,quality_notes,question,record_type,region,reponse_attendue,requires_teacher_review,roman,session,source_ids,source_status,split,synthetic,terme,texte,type_information,validation_status,vocabulary_scope
,synthèse paraphrasée de plusieurs sources pédagogiques,,1,,,False,,,LBM-C1-CONT-001,essentielle,Sidi Mohammed,fr,debutant,,,content_annotation,,,True,La Boîte à merveilles,,"SRC_RESUME_PROFSAMAD, SRC_ANALYSE_LFRANCAIS, SRC_BILAN_APPRENTI, SRC_ANALYSE_APPFRANCAIS",,train,False,,Sidi Mohammed est un enfant de six ans qui raconte ses souvenirs et se sent souvent seul.,personnage,revue_provisoire_assistant,
,synthèse paraphrasée de plusieurs sources pédagogiques,,1,,,False,,,LBM-C1-CONT-002,essentielle,Lalla Zoubida,fr,debutant,,,content_annotation,,,True,La Boîte à merveilles,,"SRC_RESUME_PROFSAMAD, SRC_ANALYSE_LFRANCAIS, SRC_BILAN_APPRENTI, SRC_ANALYSE_APPFRANCAIS",,train,False,,Lalla Zoubida est la mère de Sidi Mohammed et elle parle beaucoup de la vie du quartier.,personnage,revue_provisoire_assistant,
,synthèse paraphrasée de plusieurs sources pédagogiques,,1,,,False,,,LBM-C1-CONT-003,importante,Maâlem Abdeslam,fr,debutant,,,content_annotation,,,True,La Boîte à merveilles,,"SRC_RESUME_PROFSAMAD, SRC_ANALYSE_LFRANCAIS, SRC_BILAN_APPRENTI, SRC_ANALYSE_APPFRANCAIS",,train,False,,Maâlem Abdeslam est le père du narrateur et travaille comme artisan.,personnage,revue_provisoire_assistant,
,synthèse paraphrasée de plusieurs sources pédagogiques,,1,,,False,,,LBM-C1-CONT-004,importante,Rahma,fr,debutant,,,content_annotation,,,True,La Boîte à merveilles,,"SRC_RESUME_PROFSAMAD, SRC_ANALYSE_LFRANCAIS, SRC_BILAN_APPRENTI, SRC_ANALYSE_APPFRANCAIS",,train,False,,Rahma est une voisine de Dar Chouafa et la mère de Zineb.,personnage,revue_provisoire_assistant,
,synthèse paraphrasée de plusieurs sources pédagogiques,,1,,,False,,,LBM-C1-CONT-005,importante,Lalla Kenza,fr,intermediaire,,,content_annotation,,,True,La Boîte à merveilles,,"SRC_RESUME_PROFSAMAD, SRC_ANALYSE_LFRANCAIS, SRC_BILAN_APPRENTI, SRC_ANALYSE_APPFRANCAIS",,train,False,,"Lalla Kenza, appelée la Chouafa, pratique des rituels qui renforcent l'atmosphère mystérieuse de la maison.",personnage,revue_provisoire_assistant,
,synthèse paraphrasée de plusieurs sources pédagogiques,,1,,,False,,,LBM-C1-CONT-006,importante,Zineb,fr,intermediaire,,,content_annotation,,,True,La Boîte à merveilles,,"SRC_RESUME_PROFSAMAD, SRC_ANALYSE_LFRANCAIS, SRC_BILAN_APPRENTI, SRC_ANALYSE_APPFRANCAIS",,train,False,,Zineb est une enfant du voisinage dont la présence rappelle que Sidi Mohammed vit au milieu d'autres enfants sans cesser de se sentir isolé.,personnage,revue_provisoire_assistant,
,synthèse paraphrasée de plusieurs sources pédagogiques,,1,,,False,,,LBM-C1-CONT-007,secondaire,Fatma Bziouya,fr,intermediaire,,,content_annotation,,,True,La Boîte à merveilles,,"SRC_RESUME_PROFSAMAD, SRC_ANALYSE_LFRANCAIS, SRC_BILAN_APPRENTI, SRC_ANALYSE_APPFRANCAIS",,train,False,,Fatma Bziouya fait partie des habitantes présentées au début du roman et contribue au portrait de la vie collective.,personnage,revue_provisoire_assistant,
,synthèse paraphrasée de plusieurs sources pédagogiques,,1,,,False,,,LBM-C1-CONT-008,importante,Le fqih,fr,intermediaire,,,content_annotation,,,True,La Boîte à merveilles,,"SRC_RESUME_PROFSAMAD, SRC_ANALYSE_LFRANCAIS, SRC_BILAN_APPRENTI, SRC_ANALYSE_APPFRANCAIS",,train,False,,Le fqih dirige le Msid et représente pour l'enfant l'autorité scolaire et religieuse.,personnage,revue_provisoire_assistant,
,synthèse paraphrasée de plusieurs sources pédagogiques,,1,,,False,,,LBM-C1-CONT-009,essentielle,Le narrateur adulte,fr,avance,,,content_annotation,,,True,La Boîte à merveilles,,"SRC_RESUME_PROFSAMAD, SRC_ANALYSE_LFRANCAIS, SRC_BILAN_APPRENTI, SRC_ANALYSE_APPFRANCAIS",,train,False,,"Le narrateur adulte reconstruit son enfance à partir de la mémoire, ce qui introduit une distance entre l'expérience vécue et son interprétation.",personnage,revue_provisoire_assistant,
,synthèse paraphrasée de plusieurs sources pédagogiques,,1,,,False,,,LBM-C1-CONT-010,essentielle,Portrait psychologique de Sidi Mohammed,fr,avance,,,content_annotation,,,True,La Boîte à merveilles,,"SRC_RESUME_PROFSAMAD, SRC_ANALYSE_LFRANCAIS, SRC_BILAN_APPRENTI, SRC_ANALYSE_APPFRANCAIS",,train,False,,"La sensibilité de Sidi Mohammed transforme les lieux ordinaires en expériences intenses, parfois merveilleuses et parfois menaçantes.",personnage,revue_provisoire_assistant,
,synthèse paraphrasée de plusieurs sources pédagogiques,,1,,,False,,,LBM-C1-CONT-011,importante,Lalla Zoubida comme voix orale,fr,avance,,,content_annotation,,,True,La Boîte à merveilles,,"SRC_RESUME_PROFSAMAD, SRC_ANALYSE_LFRANCAIS, SRC_BILAN_APPRENTI, SRC_ANALYSE_APPFRANCAIS",,train,False,,"Par ses récits et ses commentaires, Lalla Zoubida transmet à l'enfant une lecture émotionnelle et sociale du monde qui l'entoure.",personnage,revue_provisoire_assistant,
,synthèse paraphrasée de plusieurs sources pédagogiques,,1,,,False,,,LBM-C1-CONT-012,importante,Les habitants comme personnage collectif,fr,avance,,,content_annotation,,,True,La Boîte à merveilles,,"SRC_RESUME_PROFSAMAD, SRC_ANALYSE_LFRANCAIS, SRC_BILAN_APPRENTI, SRC_ANALYSE_APPFRANCAIS",,train,False,,"Les habitants de Dar Chouafa forment un personnage collectif dont les échanges révèlent les solidarités, les croyances et les tensions du milieu.",personnage,revue_provisoire_assistant,
,synthèse paraphrasée de plusieurs sources pédagogiques,,1,,,False,,,LBM-C1-CONT-013,essentielle,Dar Chouafa,fr,debutant,,,content_annotation,,,True,La Boîte à merveilles,,"SRC_RESUME_PROFSAMAD, SRC_ANALYSE_LFRANCAIS, SRC_BILAN_APPRENTI, SRC_ANALYSE_APPFRANCAIS",,train,False,,Dar Chouafa est la maison où Sidi Mohammed vit avec ses parents et plusieurs voisins.,lieu,revue_provisoire_assistant,
,synthèse paraphrasée de plusieurs sources pédagogiques,,1,,,False,,,LBM-C1-CONT-014,importante,Le Msid,fr,debutant,,,content_annotation,,,True,La Boîte à merveilles,,"SRC_RESUME_PROFSAMAD, SRC_ANALYSE_LFRANCAIS, SRC_BILAN_APPRENTI, SRC_ANALYSE_APPFRANCAIS",,train,False,,Le Msid est l'école coranique fréquentée par le narrateur.,lieu,revue_provisoire_assistant,
,synthèse paraphrasée de plusieurs sources pédagogiques,,1,,,False,,,LBM-C1-CONT-015,essentielle,Le bain maure,fr,debutant,,,content_annotation,,,True,La Boîte à merveilles,,"SRC_RESUME_PROFSAMAD, SRC_ANALYSE_LFRANCAIS, SRC_BILAN_APPRENTI, SRC_ANALYSE_APPFRANCAIS",,train,False,,"Le bain maure est un lieu que l'enfant trouve bruyant, chaud et inquiétant.",lieu,revue_provisoire_assistant,
,synthèse paraphrasée de plusieurs sources pédagogiques,,1,,,False,,,LBM-C1-CONT-016,importante,L'impasse,fr,debutant,,,content_annotation,,,True,La Boîte à merveilles,,"SRC_RESUME_PROFSAMAD, SRC_ANALYSE_LFRANCAIS, SRC_BILAN_APPRENTI, SRC_ANALYSE_APPFRANCAIS",,train,False,,Dar Chouafa se situe au fond d'une impasse de la médina.,lieu,revue_provisoire_assistant,
,synthèse paraphrasée de plusieurs sources pédagogiques,,1,,,False,,,LBM-C1-CONT-017,importante,Les étages de Dar Chouafa,fr,intermediaire,,,content_annotation,,,True,La Boîte à merveilles,,"SRC_RESUME_PROFSAMAD, SRC_ANALYSE_LFRANCAIS, SRC_BILAN_APPRENTI, SRC_ANALYSE_APPFRANCAIS",,train,False,,La répartition des familles entre les étages organise la proximité quotidienne et favorise les rencontres entre voisines.,lieu,revue_provisoire_assistant,
,synthèse paraphrasée de plusieurs sources pédagogiques,,1,,,False,,,LBM-C1-CONT-018,importante,La médina de Fès,fr,intermediaire,,,content_annotation,,,True,La Boîte à merveilles,,"SRC_RESUME_PROFSAMAD, SRC_ANALYSE_LFRANCAIS, SRC_BILAN_APPRENTI, SRC_ANALYSE_APPFRANCAIS",,train,False,,"La médina constitue un cadre urbain traditionnel où les lieux religieux, domestiques et commerciaux sont proches.",lieu,revue_provisoire_assistant,
,synthèse paraphrasée de plusieurs sources pédagogiques,,1,,,False,,,LBM-C1-CONT-019,essentielle,Le hammam comme espace social,fr,intermediaire,,,content_annotation,,,True,La Boîte à merveilles,,"SRC_RESUME_PROFSAMAD, SRC_ANALYSE_LFRANCAIS, SRC_BILAN_APPRENTI, SRC_ANALYSE_APPFRANCAIS",,train,False,,"Pour les femmes, le bain maure est aussi un espace d'échange d'informations et de récits.",lieu,revue_provisoire_assistant,
,synthèse paraphrasée de plusieurs sources pédagogiques,,1,,,False,,,LBM-C1-CONT-020,essentielle,L'espace privé de la boîte,fr,intermediaire,,,content_annotation,,,True,La Boîte à merveilles,,"SRC_RESUME_PROFSAMAD, SRC_ANALYSE_LFRANCAIS, SRC_BILAN_APPRENTI, SRC_ANALYSE_APPFRANCAIS",,train,False,,La boîte à merveilles crée un espace intime qui protège l'enfant de l'agitation de la maison.,lieu,revue_provisoire_assistant,
,synthèse paraphrasée de plusieurs sources pédagogiques,,1,,,False,,,LBM-C1-CONT-021,essentielle,Dar Chouafa comme microcosme,fr,avance,,,content_annotation,,,True,La Boîte à merveilles,,"SRC_RESUME_PROFSAMAD, SRC_ANALYSE_LFRANCAIS, SRC_BILAN_APPRENTI, SRC_ANALYSE_APPFRANCAIS",,train,False,,"La maison fonctionne comme une représentation réduite de la société, avec ses hiérarchies, ses croyances et ses conflits.",lieu,revue_provisoire_assistant,
,synthèse paraphrasée de plusieurs sources pédagogiques,,1,,,False,,,LBM-C1-CONT-022,importante,Symbolique des espaces fermés,fr,avance,,,content_annotation,,,True,La Boîte à merveilles,,"SRC_RESUME_PROFSAMAD, SRC_ANALYSE_LFRANCAIS, SRC_BILAN_APPRENTI, SRC_ANALYSE_APPFRANCAIS",,train,False,,"L'impasse, la maison et le bain maure composent un univers fermé qui renforce le sentiment d'enfermement du narrateur.",lieu,revue_provisoire_assistant,
,synthèse paraphrasée de plusieurs sources pédagogiques,,1,,,False,,,LBM-C1-CONT-023,essentielle,Contraste espace collectif et refuge intérieur,fr,avance,,,content_annotation,,,True,La Boîte à merveilles,,"SRC_RESUME_PROFSAMAD, SRC_ANALYSE_LFRANCAIS, SRC_BILAN_APPRENTI, SRC_ANALYSE_APPFRANCAIS",,train,False,,Le récit oppose les espaces collectifs bruyants au refuge silencieux que l'enfant construit grâce à son imagination.,lieu,revue_provisoire_assistant,
,synthèse paraphrasée de plusieurs sources pédagogiques,,1,,,False,,,LBM-C1-CONT-024,importante,Topographie de la mémoire,fr,avance,,,content_annotation,,,True,La Boîte à merveilles,,"SRC_RESUME_PROFSAMAD, SRC_ANALYSE_LFRANCAIS, SRC_BILAN_APPRENTI, SRC_ANALYSE_APPFRANCAIS",,train,False,,Les lieux ne sont pas seulement décrits géographiquement : ils organisent les souvenirs et la progression du récit autobiographique.,lieu,revue_provisoire_assistant,
,synthèse paraphrasée de plusieurs sources pédagogiques,,1,,,False,,,LBM-C1-CONT-025,essentielle,Retour aux souvenirs,fr,debutant,,,content_annotation,,,True,La Boîte à merveilles,,"SRC_RESUME_PROFSAMAD, SRC_ANALYSE_LFRANCAIS, SRC_BILAN_APPRENTI, SRC_ANALYSE_APPFRANCAIS",,train,False,,Le narrateur commence par évoquer sa solitude puis se souvient de son enfance.,evenement,revue_provisoire_assistant,
,synthèse paraphrasée de plusieurs sources pédagogiques,,1,,,False,,,LBM-C1-CONT-026,importante,Présentation des habitants,fr,debutant,,,content_annotation,,,True,La Boîte à merveilles,,"SRC_RESUME_PROFSAMAD, SRC_ANALYSE_LFRANCAIS, SRC_BILAN_APPRENTI, SRC_ANALYSE_APPFRANCAIS",,train,False,,Le chapitre présente les personnes qui vivent à Dar Chouafa.,evenement,revue_provisoire_assistant,
,synthèse paraphrasée de plusieurs sources pédagogiques,,1,,,False,,,LBM-C1-CONT-027,essentielle,Visite au bain maure,fr,debutant,,,content_annotation,,,True,La Boîte à merveilles,,"SRC_RESUME_PROFSAMAD, SRC_ANALYSE_LFRANCAIS, SRC_BILAN_APPRENTI, SRC_ANALYSE_APPFRANCAIS",,train,False,,Sidi Mohammed accompagne sa mère au bain maure et ressent de la peur.,evenement,revue_provisoire_assistant,
,synthèse paraphrasée de plusieurs sources pédagogiques,,1,,,False,,,LBM-C1-CONT-028,importante,Dispute des voisines,fr,debutant,,,content_annotation,,,True,La Boîte à merveilles,,"SRC_RESUME_PROFSAMAD, SRC_ANALYSE_LFRANCAIS, SRC_BILAN_APPRENTI, SRC_ANALYSE_APPFRANCAIS",,train,False,,Lalla Zoubida et Rahma se disputent.,evenement,revue_provisoire_assistant,
,synthèse paraphrasée de plusieurs sources pédagogiques,,1,,,False,,,LBM-C1-CONT-029,importante,Rituels de la Chouafa,fr,intermediaire,,,content_annotation,,,True,La Boîte à merveilles,,"SRC_RESUME_PROFSAMAD, SRC_ANALYSE_LFRANCAIS, SRC_BILAN_APPRENTI, SRC_ANALYSE_APPFRANCAIS",,train,False,,Les séances organisées par la Chouafa attirent l'attention de l'enfant et alimentent son imagination.,evenement,revue_provisoire_assistant,
,synthèse paraphrasée de plusieurs sources pédagogiques,,1,,,False,,,LBM-C1-CONT-030,essentielle,Jeu avec la boîte,fr,intermediaire,,,content_annotation,,,True,La Boîte à merveilles,,"SRC_RESUME_PROFSAMAD, SRC_ANALYSE_LFRANCAIS, SRC_BILAN_APPRENTI, SRC_ANALYSE_APPFRANCAIS",,train,False,,L'enfant contemple les petits objets de sa boîte pour retrouver le calme et échapper à la solitude.,evenement,revue_provisoire_assistant,
,synthèse paraphrasée de plusieurs sources pédagogiques,,1,,,False,,,LBM-C1-CONT-031,importante,Routine du Msid,fr,intermediaire,,,content_annotation,,,True,La Boîte à merveilles,,"SRC_RESUME_PROFSAMAD, SRC_ANALYSE_LFRANCAIS, SRC_BILAN_APPRENTI, SRC_ANALYSE_APPFRANCAIS",,train,False,,La fréquentation du Msid inscrit l'enfant dans une routine d'apprentissage et de discipline.,evenement,revue_provisoire_assistant,
,synthèse paraphrasée de plusieurs sources pédagogiques,,1,,,False,,,LBM-C1-CONT-032,importante,Récit du hammam par la mère,fr,intermediaire,,,content_annotation,,,True,La Boîte à merveilles,,"SRC_RESUME_PROFSAMAD, SRC_ANALYSE_LFRANCAIS, SRC_BILAN_APPRENTI, SRC_ANALYSE_APPFRANCAIS",,train,False,,"Après le bain, Lalla Zoubida transforme les incidents vécus en anecdotes racontées à la maison.",evenement,revue_provisoire_assistant,
,synthèse paraphrasée de plusieurs sources pédagogiques,,1,,,False,,,LBM-C1-CONT-033,essentielle,Passage du présent au passé,fr,avance,,,content_annotation,,,True,La Boîte à merveilles,,"SRC_RESUME_PROFSAMAD, SRC_ANALYSE_LFRANCAIS, SRC_BILAN_APPRENTI, SRC_ANALYSE_APPFRANCAIS",,train,False,,"Le récit passe de l'insomnie du narrateur adulte à une longue évocation de l'enfance, ce qui fonde la structure rétrospective.",evenement,revue_provisoire_assistant,
,synthèse paraphrasée de plusieurs sources pédagogiques,,1,,,False,,,LBM-C1-CONT-034,essentielle,Surcharge sensorielle au hammam,fr,avance,,,content_annotation,,,True,La Boîte à merveilles,,"SRC_RESUME_PROFSAMAD, SRC_ANALYSE_LFRANCAIS, SRC_BILAN_APPRENTI, SRC_ANALYSE_APPFRANCAIS",,train,False,,"La chaleur, les voix et les mouvements du bain maure sont perçus par l'enfant comme une expérience sensorielle excessive.",evenement,revue_provisoire_assistant,
,synthèse paraphrasée de plusieurs sources pédagogiques,,1,,,False,,,LBM-C1-CONT-035,importante,Fonction narrative de la dispute,fr,avance,,,content_annotation,,,True,La Boîte à merveilles,,"SRC_RESUME_PROFSAMAD, SRC_ANALYSE_LFRANCAIS, SRC_BILAN_APPRENTI, SRC_ANALYSE_APPFRANCAIS",,train,False,,La dispute entre les voisines dépasse l'anecdote et révèle les tensions produites par la vie dans un espace partagé.,evenement,revue_provisoire_assistant,
,synthèse paraphrasée de plusieurs sources pédagogiques,,1,,,False,,,LBM-C1-CONT-036,essentielle,Installation des motifs du roman,fr,avance,,,content_annotation,,,True,La Boîte à merveilles,,"SRC_RESUME_PROFSAMAD, SRC_ANALYSE_LFRANCAIS, SRC_BILAN_APPRENTI, SRC_ANALYSE_APPFRANCAIS",,train,False,,"Le premier chapitre met en place des motifs appelés à revenir : solitude, croyances, récits oraux et refuge imaginaire.",evenement,revue_provisoire_assistant,
,synthèse paraphrasée de plusieurs sources pédagogiques,,1,,,False,,,LBM-C1-CONT-037,essentielle,La solitude,fr,debutant,,,content_annotation,,,True,La Boîte à merveilles,,"SRC_RESUME_PROFSAMAD, SRC_ANALYSE_LFRANCAIS, SRC_BILAN_APPRENTI, SRC_ANALYSE_APPFRANCAIS",,train,False,,Sidi Mohammed se sent seul même lorsqu'il vit entouré de sa famille et de ses voisins.,theme,revue_provisoire_assistant,
,synthèse paraphrasée de plusieurs sources pédagogiques,,1,,,False,,,LBM-C1-CONT-038,essentielle,L'enfance,fr,debutant,,,content_annotation,,,True,La Boîte à merveilles,,"SRC_RESUME_PROFSAMAD, SRC_ANALYSE_LFRANCAIS, SRC_BILAN_APPRENTI, SRC_ANALYSE_APPFRANCAIS",,train,False,,Le chapitre raconte le monde tel qu'il est vu par un enfant.,theme,revue_provisoire_assistant,
,synthèse paraphrasée de plusieurs sources pédagogiques,,1,,,False,,,LBM-C1-CONT-039,importante,La famille,fr,debutant,,,content_annotation,,,True,La Boîte à merveilles,,"SRC_RESUME_PROFSAMAD, SRC_ANALYSE_LFRANCAIS, SRC_BILAN_APPRENTI, SRC_ANALYSE_APPFRANCAIS",,train,False,,Les parents de Sidi Mohammed occupent une place importante dans ses souvenirs.,theme,revue_provisoire_assistant,
,synthèse paraphrasée de plusieurs sources pédagogiques,,1,,,False,,,LBM-C1-CONT-040,essentielle,L'imagination,fr,debutant,,,content_annotation,,,True,La Boîte à merveilles,,"SRC_RESUME_PROFSAMAD, SRC_ANALYSE_LFRANCAIS, SRC_BILAN_APPRENTI, SRC_ANALYSE_APPFRANCAIS",,train,False,,L'enfant utilise son imagination pour donner de la valeur à ses petits objets.,theme,revue_provisoire_assistant,
,synthèse paraphrasée de plusieurs sources pédagogiques,,1,,,False,,,LBM-C1-CONT-041,importante,Les croyances populaires,fr,intermediaire,,,content_annotation,,,True,La Boîte à merveilles,,"SRC_RESUME_PROFSAMAD, SRC_ANALYSE_LFRANCAIS, SRC_BILAN_APPRENTI, SRC_ANALYSE_APPFRANCAIS",,train,False,,Les pratiques de la Chouafa montrent l'importance des croyances et des rituels dans le milieu décrit.,theme,revue_provisoire_assistant,
,synthèse paraphrasée de plusieurs sources pédagogiques,,1,,,False,,,LBM-C1-CONT-042,importante,L'oralité féminine,fr,intermediaire,,,content_annotation,,,True,La Boîte à merveilles,,"SRC_RESUME_PROFSAMAD, SRC_ANALYSE_LFRANCAIS, SRC_BILAN_APPRENTI, SRC_ANALYSE_APPFRANCAIS",,train,False,,Les conversations et les anecdotes des femmes transmettent les nouvelles et organisent la vie sociale.,theme,revue_provisoire_assistant,
,synthèse paraphrasée de plusieurs sources pédagogiques,,1,,,False,,,LBM-C1-CONT-043,essentielle,La vie communautaire,fr,intermediaire,,,content_annotation,,,True,La Boîte à merveilles,,"SRC_RESUME_PROFSAMAD, SRC_ANALYSE_LFRANCAIS, SRC_BILAN_APPRENTI, SRC_ANALYSE_APPFRANCAIS",,train,False,,"La proximité des familles crée des échanges permanents, mais aussi des conflits.",theme,revue_provisoire_assistant,
,synthèse paraphrasée de plusieurs sources pédagogiques,,1,,,False,,,LBM-C1-CONT-044,importante,La peur,fr,intermediaire,,,content_annotation,,,True,La Boîte à merveilles,,"SRC_RESUME_PROFSAMAD, SRC_ANALYSE_LFRANCAIS, SRC_BILAN_APPRENTI, SRC_ANALYSE_APPFRANCAIS",,train,False,,Le bain maure est raconté à travers la peur et le malaise ressentis par l'enfant.,theme,revue_provisoire_assistant,
,synthèse paraphrasée de plusieurs sources pédagogiques,,1,,,False,,,LBM-C1-CONT-045,essentielle,Mémoire et identité,fr,avance,,,content_annotation,,,True,La Boîte à merveilles,,"SRC_RESUME_PROFSAMAD, SRC_ANALYSE_LFRANCAIS, SRC_BILAN_APPRENTI, SRC_ANALYSE_APPFRANCAIS",,train,False,,Le narrateur utilise ses souvenirs pour comprendre la personne qu'il est devenu.,theme,revue_provisoire_assistant,
,synthèse paraphrasée de plusieurs sources pédagogiques,,1,,,False,,,LBM-C1-CONT-046,essentielle,Réel et imaginaire,fr,avance,,,content_annotation,,,True,La Boîte à merveilles,,"SRC_RESUME_PROFSAMAD, SRC_ANALYSE_LFRANCAIS, SRC_BILAN_APPRENTI, SRC_ANALYSE_APPFRANCAIS",,train,False,,Le monde concret de la médina se mêle aux visions et aux interprétations imaginaires de l'enfant.,theme,revue_provisoire_assistant,
,synthèse paraphrasée de plusieurs sources pédagogiques,,1,,,False,,,LBM-C1-CONT-047,essentielle,Subjectivité du récit,fr,avance,,,content_annotation,,,True,La Boîte à merveilles,,"SRC_RESUME_PROFSAMAD, SRC_ANALYSE_LFRANCAIS, SRC_BILAN_APPRENTI, SRC_ANALYSE_APPFRANCAIS",,train,False,,Les événements sont filtrés par la sensibilité de l'enfant puis réorganisés par la conscience de l'adulte.,theme,revue_provisoire_assistant,
,synthèse paraphrasée de plusieurs sources pédagogiques,,1,,,False,,,LBM-C1-CONT-048,importante,Tradition et environnement social,fr,avance,,,content_annotation,,,True,La Boîte à merveilles,,"SRC_RESUME_PROFSAMAD, SRC_ANALYSE_LFRANCAIS, SRC_BILAN_APPRENTI, SRC_ANALYSE_APPFRANCAIS",,train,False,,"Les rites, le Msid et le hammam montrent comment la tradition structure la vie quotidienne et la perception de l'enfant.",theme,revue_provisoire_assistant,
,synthèse paraphrasée de plusieurs sources pédagogiques,,1,,,False,,,LBM-C1-CONT-049,essentielle,La boîte comme consolation,fr,debutant,,,content_annotation,,,True,La Boîte à merveilles,,"SRC_RESUME_PROFSAMAD, SRC_ANALYSE_LFRANCAIS, SRC_BILAN_APPRENTI, SRC_ANALYSE_APPFRANCAIS",,train,False,,La boîte à merveilles aide Sidi Mohammed à oublier sa tristesse.,idee_essentielle,revue_provisoire_assistant,
,synthèse paraphrasée de plusieurs sources pédagogiques,,1,,,False,,,LBM-C1-CONT-050,essentielle,Cadre principal,fr,debutant,,,content_annotation,,,True,La Boîte à merveilles,,"SRC_RESUME_PROFSAMAD, SRC_ANALYSE_LFRANCAIS, SRC_BILAN_APPRENTI, SRC_ANALYSE_APPFRANCAIS",,train,False,,Dar Chouafa est le cadre principal du premier chapitre.,idee_essentielle,revue_provisoire_assistant,
,synthèse paraphrasée de plusieurs sources pédagogiques,,1,,,False,,,LBM-C1-CONT-051,essentielle,Fonction d'introduction,fr,debutant,,,content_annotation,,,True,La Boîte à merveilles,,"SRC_RESUME_PROFSAMAD, SRC_ANALYSE_LFRANCAIS, SRC_BILAN_APPRENTI, SRC_ANALYSE_APPFRANCAIS",,train,False,,"Le chapitre présente la famille, les voisins et les lieux importants.",idee_essentielle,revue_provisoire_assistant,
,synthèse paraphrasée de plusieurs sources pédagogiques,,1,,,False,,,LBM-C1-CONT-052,essentielle,Expérience négative du hammam,fr,debutant,,,content_annotation,,,True,La Boîte à merveilles,,"SRC_RESUME_PROFSAMAD, SRC_ANALYSE_LFRANCAIS, SRC_BILAN_APPRENTI, SRC_ANALYSE_APPFRANCAIS",,train,False,,L'enfant ne vit pas le bain maure comme un moment agréable.,idee_essentielle,revue_provisoire_assistant,
,synthèse paraphrasée de plusieurs sources pédagogiques,,1,,,False,,,LBM-C1-CONT-053,essentielle,Lien entre deux solitudes,fr,intermediaire,,,content_annotation,,,True,La Boîte à merveilles,,"SRC_RESUME_PROFSAMAD, SRC_ANALYSE_LFRANCAIS, SRC_BILAN_APPRENTI, SRC_ANALYSE_APPFRANCAIS",,train,False,,La solitude de l'adulte rappelle celle qu'il éprouvait déjà pendant son enfance.,idee_essentielle,revue_provisoire_assistant,
,synthèse paraphrasée de plusieurs sources pédagogiques,,1,,,False,,,LBM-C1-CONT-054,essentielle,Transformation des objets,fr,intermediaire,,,content_annotation,,,True,La Boîte à merveilles,,"SRC_RESUME_PROFSAMAD, SRC_ANALYSE_LFRANCAIS, SRC_BILAN_APPRENTI, SRC_ANALYSE_APPFRANCAIS",,train,False,,L'imagination donne aux objets ordinaires de la boîte une valeur affective exceptionnelle.,idee_essentielle,revue_provisoire_assistant,
,synthèse paraphrasée de plusieurs sources pédagogiques,,1,,,False,,,LBM-C1-CONT-055,importante,Rôle des récits entendus,fr,intermediaire,,,content_annotation,,,True,La Boîte à merveilles,,"SRC_RESUME_PROFSAMAD, SRC_ANALYSE_LFRANCAIS, SRC_BILAN_APPRENTI, SRC_ANALYSE_APPFRANCAIS",,train,False,,Les récits de la mère et des voisines enrichissent l'univers mental de l'enfant.,idee_essentielle,revue_provisoire_assistant,
,synthèse paraphrasée de plusieurs sources pédagogiques,,1,,,False,,,LBM-C1-CONT-056,importante,Compréhension limitée de l'enfant,fr,intermediaire,,,content_annotation,,,True,La Boîte à merveilles,,"SRC_RESUME_PROFSAMAD, SRC_ANALYSE_LFRANCAIS, SRC_BILAN_APPRENTI, SRC_ANALYSE_APPFRANCAIS",,train,False,,"Sidi Mohammed observe les adultes avec attention, mais il ne comprend pas toujours les causes de leurs comportements.",idee_essentielle,revue_provisoire_assistant,
,synthèse paraphrasée de plusieurs sources pédagogiques,,1,,,False,,,LBM-C1-CONT-057,essentielle,Double temporalité,fr,avance,,,content_annotation,,,True,La Boîte à merveilles,,"SRC_RESUME_PROFSAMAD, SRC_ANALYSE_LFRANCAIS, SRC_BILAN_APPRENTI, SRC_ANALYSE_APPFRANCAIS",,train,False,,Le récit superpose le temps de l'enfance racontée et le temps de l'adulte qui se souvient.,idee_essentielle,revue_provisoire_assistant,
,synthèse paraphrasée de plusieurs sources pédagogiques,,1,,,False,,,LBM-C1-CONT-058,essentielle,Construction autobiographique,fr,avance,,,content_annotation,,,True,La Boîte à merveilles,,"SRC_RESUME_PROFSAMAD, SRC_ANALYSE_LFRANCAIS, SRC_BILAN_APPRENTI, SRC_ANALYSE_APPFRANCAIS",,train,False,,Le souvenir n'est pas une copie exacte du passé : il est sélectionné et organisé pour construire une identité narrative.,idee_essentielle,revue_provisoire_assistant,
,synthèse paraphrasée de plusieurs sources pédagogiques,,1,,,False,,,LBM-C1-CONT-059,essentielle,Maison comme représentation sociale,fr,avance,,,content_annotation,,,True,La Boîte à merveilles,,"SRC_RESUME_PROFSAMAD, SRC_ANALYSE_LFRANCAIS, SRC_BILAN_APPRENTI, SRC_ANALYSE_APPFRANCAIS",,train,False,,Dar Chouafa concentre dans un espace réduit les rapports sociaux et les pratiques culturelles du milieu.,idee_essentielle,revue_provisoire_assistant,
,synthèse paraphrasée de plusieurs sources pédagogiques,,1,,,False,,,LBM-C1-CONT-060,essentielle,Solitude au milieu du groupe,fr,avance,,,content_annotation,,,True,La Boîte à merveilles,,"SRC_RESUME_PROFSAMAD, SRC_ANALYSE_LFRANCAIS, SRC_BILAN_APPRENTI, SRC_ANALYSE_APPFRANCAIS",,train,False,,Le contraste entre le bruit de la communauté et l'isolement intérieur de l'enfant constitue une tension centrale du chapitre.,idee_essentielle,revue_provisoire_assistant,
,,,1,,Rue qui ne possède pas de sortie.,False,,,LBM-C1-VOC-001,importante,,fr,debutant,,,vocabulary,,,True,La Boîte à merveilles,,"SRC_ANALYSE_LFRANCAIS, SRC_ALLOSCHOOL",,validation,False,impasse,Définition de « impasse » : Rue qui ne possède pas de sortie.,vocabulaire,revue_provisoire_assistant,vocabulaire_oeuvre
,,,1,,Personne qui affirme pouvoir connaître l'avenir ou l'invisible.,False,,,LBM-C1-VOC-002,importante,,fr,debutant,,,vocabulary,,,True,La Boîte à merveilles,,"SRC_ANALYSE_LFRANCAIS, SRC_ALLOSCHOOL",,validation,False,voyante,Définition de « voyante » : Personne qui affirme pouvoir connaître l'avenir ou l'invisible.,vocabulaire,revue_provisoire_assistant,vocabulaire_oeuvre
,,,1,,Maître qui enseigne dans l'école coranique.,False,,,LBM-C1-VOC-003,importante,,fr,debutant,,,vocabulary,,,True,La Boîte à merveilles,,"SRC_ANALYSE_LFRANCAIS, SRC_ALLOSCHOOL",,test,False,fqih,Définition de « fqih » : Maître qui enseigne dans l'école coranique.,vocabulaire,revue_provisoire_assistant,vocabulaire_oeuvre
,,,1,,École coranique traditionnelle.,False,,,LBM-C1-VOC-004,importante,,fr,debutant,,,vocabulary,,,True,La Boîte à merveilles,,"SRC_ANALYSE_LFRANCAIS, SRC_ALLOSCHOOL",,test,False,Msid,Définition de « Msid » : École coranique traditionnelle.,vocabulaire,revue_provisoire_assistant,vocabulaire_oeuvre
,,,1,,Bain public traditionnel.,False,,,LBM-C1-VOC-005,importante,,fr,debutant,,,vocabulary,,,True,La Boîte à merveilles,,"SRC_ANALYSE_LFRANCAIS, SRC_ALLOSCHOOL",,test,False,hammam,Définition de « hammam » : Bain public traditionnel.,vocabulaire,revue_provisoire_assistant,vocabulaire_oeuvre
,,,1,,Vêtement long traditionnel porté au Maroc.,False,,,LBM-C1-VOC-006,importante,,fr,debutant,,,vocabulary,,,True,La Boîte à merveilles,,"SRC_ANALYSE_LFRANCAIS, SRC_ALLOSCHOOL",,test,False,djellaba,Définition de « djellaba » : Vêtement long traditionnel porté au Maroc.,vocabulaire,revue_provisoire_assistant,vocabulaire_oeuvre
,,,1,,Grande pièce de tissu servant de voile et de vêtement extérieur.,False,,,LBM-C1-VOC-007,importante,,fr,debutant,,,vocabulary,,,True,La Boîte à merveilles,,"SRC_ANALYSE_LFRANCAIS, SRC_ALLOSCHOOL",,test,False,haïk,Définition de « haïk » : Grande pièce de tissu servant de voile et de vêtement extérieur.,vocabulaire,revue_provisoire_assistant,vocabulaire_oeuvre
,,,1,,Ensemble des personnes qui habitent près les unes des autres.,False,,,LBM-C1-VOC-008,importante,,fr,debutant,,,vocabulary,,,True,La Boîte à merveilles,,"SRC_ANALYSE_LFRANCAIS, SRC_ALLOSCHOOL",,test,False,voisinage,Définition de « voisinage » : Ensemble des personnes qui habitent près les unes des autres.,vocabulaire,revue_provisoire_assistant,vocabulaire_general
,,,1,,État d'une personne qui se sent seule.,False,,,LBM-C1-VOC-009,importante,,fr,debutant,,,vocabulary,,,True,La Boîte à merveilles,,"SRC_ANALYSE_LFRANCAIS, SRC_ALLOSCHOOL",,test,False,solitude,Définition de « solitude » : État d'une personne qui se sent seule.,vocabulaire,revue_provisoire_assistant,vocabulaire_general
,,,1,,Image ou événement du passé conservé dans la mémoire.,False,,,LBM-C1-VOC-010,importante,,fr,debutant,,,vocabulary,,,True,La Boîte à merveilles,,"SRC_ANALYSE_LFRANCAIS, SRC_ALLOSCHOOL",,test,False,souvenir,Définition de « souvenir » : Image ou événement du passé conservé dans la mémoire.,vocabulaire,revue_provisoire_assistant,vocabulaire_general
,,,1,,Ensemble de gestes accomplis selon une tradition précise.,False,,,LBM-C1-VOC-011,importante,,fr,intermediaire,,,vocabulary,,,True,La Boîte à merveilles,,"SRC_ANALYSE_LFRANCAIS, SRC_ALLOSCHOOL",,validation,False,rituel,Définition de « rituel » : Ensemble de gestes accomplis selon une tradition précise.,vocabulaire,revue_provisoire_assistant,vocabulaire_analyse
,,,1,,Proximité imposée entre plusieurs personnes dans un espace réduit.,False,,,LBM-C1-VOC-012,importante,,fr,intermediaire,,,vocabulary,,,True,La Boîte à merveilles,,"SRC_ANALYSE_LFRANCAIS, SRC_ALLOSCHOOL",,validation,False,promiscuité,Définition de « promiscuité » : Proximité imposée entre plusieurs personnes dans un espace réduit.,vocabulaire,revue_provisoire_assistant,vocabulaire_analyse
,,,1,,Croyance attribuant une influence surnaturelle à certains signes ou pratiques.,False,,,LBM-C1-VOC-013,importante,,fr,intermediaire,,,vocabulary,,,True,La Boîte à merveilles,,"SRC_ANALYSE_LFRANCAIS, SRC_ALLOSCHOOL",,test,False,superstition,Définition de « superstition » : Croyance attribuant une influence surnaturelle à certains signes ou pratiques.,vocabulaire,revue_provisoire_assistant,vocabulaire_analyse
,,,1,,Voix qui raconte l'histoire dans un récit.,False,,,LBM-C1-VOC-014,importante,,fr,intermediaire,,,vocabulary,,,True,La Boîte à merveilles,,"SRC_ANALYSE_LFRANCAIS, SRC_ALLOSCHOOL",,test,False,narrateur,Définition de « narrateur » : Voix qui raconte l'histoire dans un récit.,vocabulaire,revue_provisoire_assistant,vocabulaire_analyse
,,,1,,Qui raconte ou transforme des éléments de la vie de l'auteur.,False,,,LBM-C1-VOC-015,importante,,fr,intermediaire,,,vocabulary,,,True,La Boîte à merveilles,,"SRC_ANALYSE_LFRANCAIS, SRC_ALLOSCHOOL",,test,False,autobiographique,Définition de « autobiographique » : Qui raconte ou transforme des éléments de la vie de l'auteur.,vocabulaire,revue_provisoire_assistant,vocabulaire_analyse
,,,1,,Retour du récit vers des événements du passé.,False,,,LBM-C1-VOC-016,importante,,fr,intermediaire,,,vocabulary,,,True,La Boîte à merveilles,,"SRC_ANALYSE_LFRANCAIS, SRC_ALLOSCHOOL",,test,False,rétrospection,Définition de « rétrospection » : Retour du récit vers des événements du passé.,vocabulaire,revue_provisoire_assistant,vocabulaire_analyse
,,,1,,Petit récit portant sur un événement particulier.,False,,,LBM-C1-VOC-017,importante,,fr,intermediaire,,,vocabulary,,,True,La Boîte à merveilles,,"SRC_ANALYSE_LFRANCAIS, SRC_ALLOSCHOOL",,test,False,anecdote,Définition de « anecdote » : Petit récit portant sur un événement particulier.,vocabulaire,revue_provisoire_assistant,vocabulaire_general
,,,1,,Échange conflictuel entre plusieurs personnes.,False,,,LBM-C1-VOC-018,importante,,fr,intermediaire,,,vocabulary,,,True,La Boîte à merveilles,,"SRC_ANALYSE_LFRANCAIS, SRC_ALLOSCHOOL",,test,False,dispute,Définition de « dispute » : Échange conflictuel entre plusieurs personnes.,vocabulaire,revue_provisoire_assistant,vocabulaire_general
,,,1,,Action de rendre propre ou symboliquement pur.,False,,,LBM-C1-VOC-019,importante,,fr,intermediaire,,,vocabulary,,,True,La Boîte à merveilles,,"SRC_ANALYSE_LFRANCAIS, SRC_ALLOSCHOOL",,test,False,purification,Définition de « purification » : Action de rendre propre ou symboliquement pur.,vocabulaire,revue_provisoire_assistant,vocabulaire_analyse
,,,1,,Lieu réel ou imaginaire où une personne se sent protégée.,False,,,LBM-C1-VOC-020,importante,,fr,intermediaire,,,vocabulary,,,True,La Boîte à merveilles,,"SRC_ANALYSE_LFRANCAIS, SRC_ALLOSCHOOL",,test,False,refuge,Définition de « refuge » : Lieu réel ou imaginaire où une personne se sent protégée.,vocabulaire,revue_provisoire_assistant,vocabulaire_analyse
,,,1,,Retour en arrière par lequel le récit évoque un événement antérieur.,False,,,LBM-C1-VOC-021,importante,,fr,avance,,,vocabulary,,,True,La Boîte à merveilles,,"SRC_ANALYSE_LFRANCAIS, SRC_ALLOSCHOOL",,validation,False,analepse,Définition de « analepse » : Retour en arrière par lequel le récit évoque un événement antérieur.,vocabulaire,revue_provisoire_assistant,vocabulaire_analyse_litteraire
,,,1,,Point de vue qui limite les informations à la perception d'un personnage.,False,,,LBM-C1-VOC-022,importante,,fr,avance,,,vocabulary,,,True,La Boîte à merveilles,,"SRC_ANALYSE_LFRANCAIS, SRC_ALLOSCHOOL",,validation,False,focalisation interne,Définition de « focalisation interne » : Point de vue qui limite les informations à la perception d'un personnage.,vocabulaire,revue_provisoire_assistant,vocabulaire_analyse_litteraire
,,,1,,Analyse de ses propres pensées et sentiments.,False,,,LBM-C1-VOC-023,importante,,fr,avance,,,vocabulary,,,True,La Boîte à merveilles,,"SRC_ANALYSE_LFRANCAIS, SRC_ALLOSCHOOL",,test,False,introspection,Définition de « introspection » : Analyse de ses propres pensées et sentiments.,vocabulaire,revue_provisoire_assistant,vocabulaire_analyse_litteraire
,,,1,,Fonction par laquelle un objet ou un lieu représente une idée plus large.,False,,,LBM-C1-VOC-024,importante,,fr,avance,,,vocabulary,,,True,La Boîte à merveilles,,"SRC_ANALYSE_LFRANCAIS, SRC_ALLOSCHOOL",,test,False,symbolisme,Définition de « symbolisme » : Fonction par laquelle un objet ou un lieu représente une idée plus large.,vocabulaire,revue_provisoire_assistant,vocabulaire_analyse_litteraire
,,,1,,Petit univers qui reproduit les caractéristiques d'un ensemble plus vaste.,False,,,LBM-C1-VOC-025,importante,,fr,avance,,,vocabulary,,,True,La Boîte à merveilles,,"SRC_ANALYSE_LFRANCAIS, SRC_ALLOSCHOOL",,test,False,microcosme,Définition de « microcosme » : Petit univers qui reproduit les caractéristiques d'un ensemble plus vaste.,vocabulaire,revue_provisoire_assistant,vocabulaire_analyse_litteraire
,,,1,,Organisation et perception du temps dans un récit.,False,,,LBM-C1-VOC-026,importante,,fr,avance,,,vocabulary,,,True,La Boîte à merveilles,,"SRC_ANALYSE_LFRANCAIS, SRC_ALLOSCHOOL",,test,False,temporalité,Définition de « temporalité » : Organisation et perception du temps dans un récit.,vocabulaire,revue_provisoire_assistant,vocabulaire_analyse_litteraire
,,,1,,Présence du point de vue personnel dans la représentation du réel.,False,,,LBM-C1-VOC-027,importante,,fr,avance,,,vocabulary,,,True,La Boîte à merveilles,,"SRC_ANALYSE_LFRANCAIS, SRC_ALLOSCHOOL",,test,False,subjectivité,Définition de « subjectivité » : Présence du point de vue personnel dans la représentation du réel.,vocabulaire,revue_provisoire_assistant,vocabulaire_analyse_litteraire
,,,1,,Caractéristiques liées à la parole et à la transmission orale.,False,,,LBM-C1-VOC-028,importante,,fr,avance,,,vocabulary,,,True,La Boîte à merveilles,,"SRC_ANALYSE_LFRANCAIS, SRC_ALLOSCHOOL",,test,False,oralité,Définition de « oralité » : Caractéristiques liées à la parole et à la transmission orale.,vocabulaire,revue_provisoire_assistant,vocabulaire_analyse_litteraire
,,,1,,"Qui mobilise plusieurs sensations comme la vue, l'ouïe et le toucher.",False,,,LBM-C1-VOC-029,importante,,fr,avance,,,vocabulary,,,True,La Boîte à merveilles,,"SRC_ANALYSE_LFRANCAIS, SRC_ALLOSCHOOL",,test,False,polysensoriel,"Définition de « polysensoriel » : Qui mobilise plusieurs sensations comme la vue, l'ouïe et le toucher.",vocabulaire,revue_provisoire_assistant,vocabulaire_analyse_litteraire
,,,1,,Mise en relation de deux idées ou réalités contrastées.,False,,,LBM-C1-VOC-030,importante,,fr,avance,,,vocabulary,,,True,La Boîte à merveilles,,"SRC_ANALYSE_LFRANCAIS, SRC_ALLOSCHOOL",,test,False,opposition,Définition de « opposition » : Mise en relation de deux idées ou réalités contrastées.,vocabulaire,revue_provisoire_assistant,vocabulaire_analyse_litteraire
,,,1,,,False,Le rapprochement est introduit par « aussi ... que » et exprime la peur de l'enfant.,comparaison,LBM-C1-FIG-001,importante,,fr,debutant,Exemple créé pour entraîner la reconnaissance de la figure; ce n'est pas une citation du roman.,,figure_de_style,,,True,La Boîte à merveilles,,"SRC_ANALYSE_LFRANCAIS, SRC_ALLOSCHOOL",,train,True,,Le bain maure semblait aussi effrayant qu'une grotte sombre.,figure_de_style,synthetique_revue_provisoire,
,,,1,,,False,Le mot « comme » rapproche les voix du son des cloches.,comparaison,LBM-C1-FIG-002,importante,,fr,debutant,Exemple créé pour entraîner la reconnaissance de la figure; ce n'est pas une citation du roman.,,figure_de_style,,,True,La Boîte à merveilles,,"SRC_ANALYSE_LFRANCAIS, SRC_ALLOSCHOOL",,train,True,,Les voix des femmes résonnaient comme des cloches dans la grande salle.,figure_de_style,synthetique_revue_provisoire,
,,,1,,,False,La maison est comparée à une ville pour souligner la diversité de ses habitants.,comparaison,LBM-C1-FIG-003,importante,,fr,intermediaire,Exemple créé pour entraîner la reconnaissance de la figure; ce n'est pas une citation du roman.,,figure_de_style,,,True,La Boîte à merveilles,,"SRC_ANALYSE_LFRANCAIS, SRC_ALLOSCHOOL",,train,True,,"Dans ses souvenirs, Dar Chouafa apparaît telle une petite ville enfermée dans une maison.",figure_de_style,synthetique_revue_provisoire,
,,,1,,,False,La comparaison montre la valeur affective accordée aux objets ordinaires.,comparaison,LBM-C1-FIG-004,importante,,fr,intermediaire,Exemple créé pour entraîner la reconnaissance de la figure; ce n'est pas une citation du roman.,,figure_de_style,,,True,La Boîte à merveilles,,"SRC_ANALYSE_LFRANCAIS, SRC_ALLOSCHOOL",,train,True,,Les objets de la boîte brillent dans l'esprit de l'enfant comme des trésors rares.,figure_de_style,synthetique_revue_provisoire,
,,,1,,,False,La comparaison met en évidence la reconstruction subjective du souvenir.,comparaison,LBM-C1-FIG-005,importante,,fr,avance,Exemple créé pour entraîner la reconnaissance de la figure; ce n'est pas une citation du roman.,,figure_de_style,,,True,La Boîte à merveilles,,"SRC_ANALYSE_LFRANCAIS, SRC_ALLOSCHOOL",,train,True,,La mémoire du narrateur agit comme un miroir imparfait qui transforme le passé en récit.,figure_de_style,synthetique_revue_provisoire,
,,,1,,,False,La boîte est directement assimilée à un royaume sans outil de comparaison.,metaphore,LBM-C1-FIG-006,importante,,fr,debutant,Exemple créé pour entraîner la reconnaissance de la figure; ce n'est pas une citation du roman.,,figure_de_style,,,True,La Boîte à merveilles,,"SRC_ANALYSE_LFRANCAIS, SRC_ALLOSCHOOL",,train,True,,La boîte est le petit royaume de Sidi Mohammed.,figure_de_style,synthetique_revue_provisoire,
,,,1,,,False,Le hammam est assimilé à l'enfer afin d'intensifier le malaise.,metaphore,LBM-C1-FIG-007,importante,,fr,debutant,Exemple créé pour entraîner la reconnaissance de la figure; ce n'est pas une citation du roman.,,figure_de_style,,,True,La Boîte à merveilles,,"SRC_ANALYSE_LFRANCAIS, SRC_ALLOSCHOOL",,train,True,,Le bain maure est un enfer pour l'enfant.,figure_de_style,synthetique_revue_provisoire,
,,,1,,,False,La maison est assimilée à un théâtre pour représenter la vie collective.,metaphore,LBM-C1-FIG-008,importante,,fr,intermediaire,Exemple créé pour entraîner la reconnaissance de la figure; ce n'est pas une citation du roman.,,figure_de_style,,,True,La Boîte à merveilles,,"SRC_ANALYSE_LFRANCAIS, SRC_ALLOSCHOOL",,train,True,,Dar Chouafa est un théâtre où chaque voisine joue son rôle.,figure_de_style,synthetique_revue_provisoire,
,,,1,,,False,La solitude est représentée comme un fil assurant la continuité entre deux époques.,metaphore,LBM-C1-FIG-009,importante,,fr,avance,Exemple créé pour entraîner la reconnaissance de la figure; ce n'est pas une citation du roman.,,figure_de_style,,,True,La Boîte à merveilles,,"SRC_ANALYSE_LFRANCAIS, SRC_ALLOSCHOOL",,train,True,,La solitude est le fil invisible qui relie l'enfant au narrateur adulte.,figure_de_style,synthetique_revue_provisoire,
,,,1,,,False,La mémoire est présentée comme une force qui reconstruit l'espace du passé.,metaphore,LBM-C1-FIG-010,importante,,fr,avance,Exemple créé pour entraîner la reconnaissance de la figure; ce n'est pas une citation du roman.,,figure_de_style,,,True,La Boîte à merveilles,,"SRC_ANALYSE_LFRANCAIS, SRC_ALLOSCHOOL",,train,True,,La mémoire bâtit une seconde maison à l'intérieur du récit.,figure_de_style,synthetique_revue_provisoire,
,,,1,,,False,La maison reçoit l'action humaine d'écouter.,personnification,LBM-C1-FIG-011,importante,,fr,debutant,Exemple créé pour entraîner la reconnaissance de la figure; ce n'est pas une citation du roman.,,figure_de_style,,,True,La Boîte à merveilles,,"SRC_ANALYSE_LFRANCAIS, SRC_ALLOSCHOOL",,train,True,,La maison écoute les conversations de ses habitantes.,figure_de_style,synthetique_revue_provisoire,
,,,1,,,False,Un objet reçoit la capacité humaine de consoler.,personnification,LBM-C1-FIG-012,importante,,fr,debutant,Exemple créé pour entraîner la reconnaissance de la figure; ce n'est pas une citation du roman.,,figure_de_style,,,True,La Boîte à merveilles,,"SRC_ANALYSE_LFRANCAIS, SRC_ALLOSCHOOL",,train,True,,La boîte console l'enfant lorsqu'il est triste.,figure_de_style,synthetique_revue_provisoire,
,,,1,,,False,L'impasse est présentée comme capable de retenir des secrets.,personnification,LBM-C1-FIG-013,importante,,fr,intermediaire,Exemple créé pour entraîner la reconnaissance de la figure; ce n'est pas une citation du roman.,,figure_de_style,,,True,La Boîte à merveilles,,"SRC_ANALYSE_LFRANCAIS, SRC_ALLOSCHOOL",,train,True,,L'impasse retient les bruits et les secrets du voisinage.,figure_de_style,synthetique_revue_provisoire,
,,,1,,,False,La mémoire reçoit une volonté humaine de sélectionner.,personnification,LBM-C1-FIG-014,importante,,fr,avance,Exemple créé pour entraîner la reconnaissance de la figure; ce n'est pas une citation du roman.,,figure_de_style,,,True,La Boîte à merveilles,,"SRC_ANALYSE_LFRANCAIS, SRC_ALLOSCHOOL",,train,True,,La mémoire choisit certains détails et abandonne les autres dans l'ombre.,figure_de_style,synthetique_revue_provisoire,
,,,1,,,False,Le silence devient un observateur autonome.,personnification,LBM-C1-FIG-015,importante,,fr,avance,Exemple créé pour entraîner la reconnaissance de la figure; ce n'est pas une citation du roman.,,figure_de_style,,,True,La Boîte à merveilles,,"SRC_ANALYSE_LFRANCAIS, SRC_ALLOSCHOOL",,train,True,,Le silence de l'enfant observe la foule sans jamais la rejoindre.,figure_de_style,synthetique_revue_provisoire,
,,,1,,,False,La liste de sensations souligne l'agitation du hammam.,accumulation,LBM-C1-FIG-016,importante,,fr,debutant,Exemple créé pour entraîner la reconnaissance de la figure; ce n'est pas une citation du roman.,,figure_de_style,,,True,La Boîte à merveilles,,"SRC_ANALYSE_LFRANCAIS, SRC_ALLOSCHOOL",,train,True,,"Chaleur, vapeur, cris et mouvements effraient Sidi Mohammed.",figure_de_style,synthetique_revue_provisoire,
,,,1,,,False,L'énumération donne une image dense de la vie collective.,accumulation,LBM-C1-FIG-017,importante,,fr,intermediaire,Exemple créé pour entraîner la reconnaissance de la figure; ce n'est pas une citation du roman.,,figure_de_style,,,True,La Boîte à merveilles,,"SRC_ANALYSE_LFRANCAIS, SRC_ALLOSCHOOL",,train,True,,"Voisines, enfants, visiteurs, récits et disputes remplissent Dar Chouafa.",figure_de_style,synthetique_revue_provisoire,
,,,1,,,False,La succession d'objets montre la diversité de la collection.,accumulation,LBM-C1-FIG-018,importante,,fr,intermediaire,Exemple créé pour entraîner la reconnaissance de la figure; ce n'est pas une citation du roman.,,figure_de_style,,,True,La Boîte à merveilles,,"SRC_ANALYSE_LFRANCAIS, SRC_ALLOSCHOOL",,train,True,,"Billes, boutons, morceaux de verre et petits objets composent le trésor de l'enfant.",figure_de_style,synthetique_revue_provisoire,
,,,1,,,False,L'accumulation traduit la complexité des émotions.,accumulation,LBM-C1-FIG-019,importante,,fr,avance,Exemple créé pour entraîner la reconnaissance de la figure; ce n'est pas une citation du roman.,,figure_de_style,,,True,La Boîte à merveilles,,"SRC_ANALYSE_LFRANCAIS, SRC_ALLOSCHOOL",,train,True,,"La peur, la curiosité, la honte et l'émerveillement se mêlent dans la perception enfantine.",figure_de_style,synthetique_revue_provisoire,
,,,1,,,False,La liste montre que le souvenir mobilise plusieurs dimensions.,accumulation,LBM-C1-FIG-020,importante,,fr,avance,Exemple créé pour entraîner la reconnaissance de la figure; ce n'est pas une citation du roman.,,figure_de_style,,,True,La Boîte à merveilles,,"SRC_ANALYSE_LFRANCAIS, SRC_ALLOSCHOOL",,train,True,,"Rites, paroles, gestes, odeurs et couleurs construisent la mémoire sensorielle du chapitre.",figure_de_style,synthetique_revue_provisoire,
,,,1,,,False,La répétition de « seul » insiste sur l'isolement.,repetition,LBM-C1-FIG-021,importante,,fr,debutant,Exemple créé pour entraîner la reconnaissance de la figure; ce n'est pas une citation du roman.,,figure_de_style,,,True,La Boîte à merveilles,,"SRC_ANALYSE_LFRANCAIS, SRC_ALLOSCHOOL",,train,True,,"Seul dans la maison, seul dans la rue, seul avec ses pensées.",figure_de_style,synthetique_revue_provisoire,
,,,1,,,False,La reprise de « il attend » souligne la durée et l'impatience.,repetition,LBM-C1-FIG-022,importante,,fr,intermediaire,Exemple créé pour entraîner la reconnaissance de la figure; ce n'est pas une citation du roman.,,figure_de_style,,,True,La Boîte à merveilles,,"SRC_ANALYSE_LFRANCAIS, SRC_ALLOSCHOOL",,train,True,,"Il attend le calme, il attend le soir, il attend de retrouver sa boîte.",figure_de_style,synthetique_revue_provisoire,
,,,1,,,False,La répétition imite l'abondance de la parole orale.,repetition,LBM-C1-FIG-023,importante,,fr,intermediaire,Exemple créé pour entraîner la reconnaissance de la figure; ce n'est pas une citation du roman.,,figure_de_style,,,True,La Boîte à merveilles,,"SRC_ANALYSE_LFRANCAIS, SRC_ALLOSCHOOL",,train,True,,"La mère raconte, raconte encore, puis reprend la même histoire.",figure_de_style,synthetique_revue_provisoire,
,,,1,,,False,L'anaphore organise le retour progressif de la mémoire.,repetition,LBM-C1-FIG-024,importante,,fr,avance,Exemple créé pour entraîner la reconnaissance de la figure; ce n'est pas une citation du roman.,,figure_de_style,,,True,La Boîte à merveilles,,"SRC_ANALYSE_LFRANCAIS, SRC_ALLOSCHOOL",,train,True,,"Je me souviens des lieux, je me souviens des voix, je me souviens surtout de la solitude.",figure_de_style,synthetique_revue_provisoire,
,,,1,,,False,La répétition construit une opposition entre le groupe et l'intimité.,repetition,LBM-C1-FIG-025,importante,,fr,avance,Exemple créé pour entraîner la reconnaissance de la figure; ce n'est pas une citation du roman.,,figure_de_style,,,True,La Boîte à merveilles,,"SRC_ANALYSE_LFRANCAIS, SRC_ALLOSCHOOL",,train,True,,"Dans le bruit il se tait, dans la foule il se tait, dans son refuge seulement il parle.",figure_de_style,synthetique_revue_provisoire,
,,,1,,,False,L'exagération amplifie la peur ressentie par l'enfant.,hyperbole,LBM-C1-FIG-026,importante,,fr,debutant,Exemple créé pour entraîner la reconnaissance de la figure; ce n'est pas une citation du roman.,,figure_de_style,,,True,La Boîte à merveilles,,"SRC_ANALYSE_LFRANCAIS, SRC_ALLOSCHOOL",,train,True,,Le bain maure était le lieu le plus terrible du monde.,figure_de_style,synthetique_revue_provisoire,
,,,1,,,False,L'effet des cris est volontairement exagéré.,hyperbole,LBM-C1-FIG-027,importante,,fr,debutant,Exemple créé pour entraîner la reconnaissance de la figure; ce n'est pas une citation du roman.,,figure_de_style,,,True,La Boîte à merveilles,,"SRC_ANALYSE_LFRANCAIS, SRC_ALLOSCHOOL",,train,True,,Les cris des femmes faisaient trembler toute la maison.,figure_de_style,synthetique_revue_provisoire,
,,,1,,,False,L'exagération insiste sur son goût pour le récit.,hyperbole,LBM-C1-FIG-028,importante,,fr,intermediaire,Exemple créé pour entraîner la reconnaissance de la figure; ce n'est pas une citation du roman.,,figure_de_style,,,True,La Boîte à merveilles,,"SRC_ANALYSE_LFRANCAIS, SRC_ALLOSCHOOL",,train,True,,Lalla Zoubida pouvait raconter une dispute pendant des heures sans s'arrêter.,figure_de_style,synthetique_revue_provisoire,
,,,1,,,False,L'exagération exprime la valeur immense de la boîte.,hyperbole,LBM-C1-FIG-029,importante,,fr,intermediaire,Exemple créé pour entraîner la reconnaissance de la figure; ce n'est pas une citation du roman.,,figure_de_style,,,True,La Boîte à merveilles,,"SRC_ANALYSE_LFRANCAIS, SRC_ALLOSCHOOL",,train,True,,La petite boîte contenait pour lui toutes les merveilles de l'univers.,figure_de_style,synthetique_revue_provisoire,
,,,1,,,False,L'amplification montre la puissance de la mémoire autobiographique.,hyperbole,LBM-C1-FIG-030,importante,,fr,avance,Exemple créé pour entraîner la reconnaissance de la figure; ce n'est pas une citation du roman.,,figure_de_style,,,True,La Boîte à merveilles,,"SRC_ANALYSE_LFRANCAIS, SRC_ALLOSCHOOL",,train,True,,Chaque souvenir devient un monde entier dans la conscience du narrateur.,figure_de_style,synthetique_revue_provisoire,
,,1,1,contextualisation,,False,,,LBM-C1-EXAM-001,importante,,fr,debutant,,Indiquez le titre de l'œuvre et le nom de son auteur.,regional_exam_question,format régional marocain — question adaptée,"La Boîte à merveilles, d'Ahmed Sefrioui.",True,La Boîte à merveilles,,"SRC_9RAYTI_OEUVRE, SRC_9RAYTI_EXAMENS, SRC_ALLOSCHOOL",question pédagogique paraphrasée; pas une reproduction officielle,train,True,,,examen_regional,question_regionale_adaptee_revue_provisoire,
,,1,1,contextualisation,,False,,,LBM-C1-EXAM-002,importante,,fr,debutant,,Quel est le genre de La Boîte à merveilles ?,regional_exam_question,format régional marocain — question adaptée,Il s'agit d'un roman autobiographique.,True,La Boîte à merveilles,,"SRC_9RAYTI_OEUVRE, SRC_9RAYTI_EXAMENS, SRC_ALLOSCHOOL",question pédagogique paraphrasée; pas une reproduction officielle,train,True,,,examen_regional,question_regionale_adaptee_revue_provisoire,
,,1,1,contextualisation,,False,,,LBM-C1-EXAM-003,importante,,fr,debutant,,Nommez le personnage principal du roman.,regional_exam_question,format régional marocain — question adaptée,Sidi Mohammed.,True,La Boîte à merveilles,,"SRC_9RAYTI_OEUVRE, SRC_9RAYTI_EXAMENS, SRC_ALLOSCHOOL",question pédagogique paraphrasée; pas une reproduction officielle,train,True,,,examen_regional,question_regionale_adaptee_revue_provisoire,
,,1.5,1,contextualisation,,False,,,LBM-C1-EXAM-004,importante,,fr,intermediaire,,Situez le premier chapitre dans l'organisation générale du récit.,regional_exam_question,format régional marocain — question adaptée,"Il ouvre le récit, présente le cadre et les personnages, puis installe les thèmes majeurs.",True,La Boîte à merveilles,,"SRC_9RAYTI_OEUVRE, SRC_9RAYTI_EXAMENS, SRC_ALLOSCHOOL",question pédagogique paraphrasée; pas une reproduction officielle,train,True,,,examen_regional,question_regionale_adaptee_revue_provisoire,
,,2,1,contextualisation,,False,,,LBM-C1-EXAM-005,importante,,fr,avance,,Expliquez pourquoi l'ouverture du roman peut être qualifiée de rétrospective.,regional_exam_question,format régional marocain — question adaptée,Le narrateur adulte revient sur son enfance et raconte des événements antérieurs.,True,La Boîte à merveilles,,"SRC_9RAYTI_OEUVRE, SRC_9RAYTI_EXAMENS, SRC_ALLOSCHOOL",question pédagogique paraphrasée; pas une reproduction officielle,train,True,,,examen_regional,question_regionale_adaptee_revue_provisoire,
,,1,1,comprehension,,False,,,LBM-C1-EXAM-006,importante,,fr,debutant,,Quel âge a Sidi Mohammed dans ses souvenirs du premier chapitre ?,regional_exam_question,format régional marocain — question adaptée,Il a six ans.,True,La Boîte à merveilles,,"SRC_9RAYTI_OEUVRE, SRC_9RAYTI_EXAMENS, SRC_ALLOSCHOOL",question pédagogique paraphrasée; pas une reproduction officielle,train,True,,,examen_regional,question_regionale_adaptee_revue_provisoire,
,,1,1,comprehension,,False,,,LBM-C1-EXAM-007,importante,,fr,debutant,,Où vit Sidi Mohammed avec ses parents ?,regional_exam_question,format régional marocain — question adaptée,"À Dar Chouafa, dans la médina de Fès.",True,La Boîte à merveilles,,"SRC_9RAYTI_OEUVRE, SRC_9RAYTI_EXAMENS, SRC_ALLOSCHOOL",question pédagogique paraphrasée; pas une reproduction officielle,train,True,,,examen_regional,question_regionale_adaptee_revue_provisoire,
,,1,1,comprehension,,False,,,LBM-C1-EXAM-008,importante,,fr,debutant,,Quel objet aide l'enfant à oublier sa tristesse ?,regional_exam_question,format régional marocain — question adaptée,Sa boîte à merveilles.,True,La Boîte à merveilles,,"SRC_9RAYTI_OEUVRE, SRC_9RAYTI_EXAMENS, SRC_ALLOSCHOOL",question pédagogique paraphrasée; pas une reproduction officielle,validation,True,,,examen_regional,question_regionale_adaptee_revue_provisoire,
,,1.5,1,comprehension,,False,,,LBM-C1-EXAM-009,importante,,fr,intermediaire,,Pourquoi le bain maure provoque-t-il un malaise chez l'enfant ?,regional_exam_question,format régional marocain — question adaptée,"À cause de la chaleur, du bruit, de la foule et de sa perception inquiète du lieu.",True,La Boîte à merveilles,,"SRC_9RAYTI_OEUVRE, SRC_9RAYTI_EXAMENS, SRC_ALLOSCHOOL",question pédagogique paraphrasée; pas une reproduction officielle,train,True,,,examen_regional,question_regionale_adaptee_revue_provisoire,
,,1.5,1,comprehension,,False,,,LBM-C1-EXAM-010,importante,,fr,intermediaire,,Quel rôle jouent les histoires racontées par Lalla Zoubida ?,regional_exam_question,format régional marocain — question adaptée,"Elles informent l'enfant, animent la vie familiale et nourrissent son imagination.",True,La Boîte à merveilles,,"SRC_9RAYTI_OEUVRE, SRC_9RAYTI_EXAMENS, SRC_ALLOSCHOOL",question pédagogique paraphrasée; pas une reproduction officielle,train,True,,,examen_regional,question_regionale_adaptee_revue_provisoire,
,,1,1,justification,,False,,,LBM-C1-EXAM-011,importante,,fr,debutant,,Donnez un élément qui montre que Sidi Mohammed se sent seul.,regional_exam_question,format régional marocain — question adaptée,Il cherche le réconfort dans sa boîte et dans ses compagnons imaginaires.,True,La Boîte à merveilles,,"SRC_9RAYTI_OEUVRE, SRC_9RAYTI_EXAMENS, SRC_ALLOSCHOOL",question pédagogique paraphrasée; pas une reproduction officielle,validation,True,,,examen_regional,question_regionale_adaptee_revue_provisoire,
,,1.5,1,justification,,False,,,LBM-C1-EXAM-012,importante,,fr,intermediaire,,Relevez deux éléments du résumé qui montrent que Dar Chouafa est un espace collectif.,regional_exam_question,format régional marocain — question adaptée,"Plusieurs familles y habitent et les voisines partagent conversations, rituels et conflits.",True,La Boîte à merveilles,,"SRC_9RAYTI_OEUVRE, SRC_9RAYTI_EXAMENS, SRC_ALLOSCHOOL",question pédagogique paraphrasée; pas une reproduction officielle,train,True,,,examen_regional,question_regionale_adaptee_revue_provisoire,
,,1.5,1,justification,,False,,,LBM-C1-EXAM-013,importante,,fr,intermediaire,,Justifiez que le bain maure est présenté négativement du point de vue de l'enfant.,regional_exam_question,format régional marocain — question adaptée,"Le lieu est associé à la chaleur, aux cris, à l'agitation et à la peur.",True,La Boîte à merveilles,,"SRC_9RAYTI_OEUVRE, SRC_9RAYTI_EXAMENS, SRC_ALLOSCHOOL",question pédagogique paraphrasée; pas une reproduction officielle,train,True,,,examen_regional,question_regionale_adaptee_revue_provisoire,
,,1.5,1,justification,,False,,,LBM-C1-EXAM-014,importante,,fr,intermediaire,,Montrez que Lalla Zoubida joue un rôle important dans la transmission orale.,regional_exam_question,format régional marocain — question adaptée,Elle raconte les événements et les transforme en anecdotes détaillées.,True,La Boîte à merveilles,,"SRC_9RAYTI_OEUVRE, SRC_9RAYTI_EXAMENS, SRC_ALLOSCHOOL",question pédagogique paraphrasée; pas une reproduction officielle,validation,True,,,examen_regional,question_regionale_adaptee_revue_provisoire,
,,2,1,justification,,False,,,LBM-C1-EXAM-015,importante,,fr,avance,,Justifiez l'idée que le premier chapitre oppose vie communautaire et solitude intérieure.,regional_exam_question,format régional marocain — question adaptée,"Le narrateur vit au milieu de nombreuses personnes, mais reste psychologiquement isolé.",True,La Boîte à merveilles,,"SRC_9RAYTI_OEUVRE, SRC_9RAYTI_EXAMENS, SRC_ALLOSCHOOL",question pédagogique paraphrasée; pas une reproduction officielle,train,True,,,examen_regional,question_regionale_adaptee_revue_provisoire,
,,1,1,langue,,False,,,LBM-C1-EXAM-016,importante,,fr,debutant,,"Dans la phrase « Il ouvre sa boîte », à qui renvoie le pronom « il » ?",regional_exam_question,format régional marocain — question adaptée,Il renvoie à Sidi Mohammed.,True,La Boîte à merveilles,,"SRC_9RAYTI_OEUVRE, SRC_9RAYTI_EXAMENS, SRC_ALLOSCHOOL",question pédagogique paraphrasée; pas une reproduction officielle,validation,True,,,examen_regional,question_regionale_adaptee_revue_provisoire,
,,1,1,langue,,False,,,LBM-C1-EXAM-017,importante,,fr,debutant,,Donnez un mot de la même famille que « souvenir ».,regional_exam_question,format régional marocain — question adaptée,Se souvenir.,True,La Boîte à merveilles,,"SRC_9RAYTI_OEUVRE, SRC_9RAYTI_EXAMENS, SRC_ALLOSCHOOL",question pédagogique paraphrasée; pas une reproduction officielle,validation,True,,,examen_regional,question_regionale_adaptee_revue_provisoire,
,,1.5,1,langue,,False,,,LBM-C1-EXAM-018,importante,,fr,intermediaire,,Identifiez le temps dominant dans un récit de souvenirs et indiquez sa fonction.,regional_exam_question,format régional marocain — question adaptée,"L'imparfait sert souvent à décrire les habitudes, les états et le cadre du passé.",True,La Boîte à merveilles,,"SRC_9RAYTI_OEUVRE, SRC_9RAYTI_EXAMENS, SRC_ALLOSCHOOL",question pédagogique paraphrasée; pas une reproduction officielle,validation,True,,,examen_regional,question_regionale_adaptee_revue_provisoire,
,,1.5,1,langue,,False,,,LBM-C1-EXAM-019,importante,,fr,intermediaire,,Transformez au discours indirect : Lalla Zoubida dit : « Le bain était agité. »,regional_exam_question,format régional marocain — question adaptée,Lalla Zoubida dit que le bain était agité.,True,La Boîte à merveilles,,"SRC_9RAYTI_OEUVRE, SRC_9RAYTI_EXAMENS, SRC_ALLOSCHOOL",question pédagogique paraphrasée; pas une reproduction officielle,validation,True,,,examen_regional,question_regionale_adaptee_revue_provisoire,
,,2,1,langue,,False,,,LBM-C1-EXAM-020,importante,,fr,avance,,Expliquez l'effet du passage entre le présent du narrateur adulte et les temps du passé.,regional_exam_question,format régional marocain — question adaptée,Il distingue le moment de l'écriture du temps de l'enfance racontée.,True,La Boîte à merveilles,,"SRC_9RAYTI_OEUVRE, SRC_9RAYTI_EXAMENS, SRC_ALLOSCHOOL",question pédagogique paraphrasée; pas une reproduction officielle,train,True,,,examen_regional,question_regionale_adaptee_revue_provisoire,
,,1,1,analyse_stylistique,,False,,,LBM-C1-EXAM-021,importante,,fr,debutant,,Identifiez la figure dans : « Le bain est un enfer pour l'enfant. »,regional_exam_question,format régional marocain — question adaptée,Une métaphore.,True,La Boîte à merveilles,,"SRC_9RAYTI_OEUVRE, SRC_9RAYTI_EXAMENS, SRC_ALLOSCHOOL",question pédagogique paraphrasée; pas une reproduction officielle,validation,True,,,examen_regional,question_regionale_adaptee_revue_provisoire,
,,1.5,1,analyse_stylistique,,False,,,LBM-C1-EXAM-022,importante,,fr,intermediaire,,"Quel effet produit l'accumulation de la chaleur, des cris et de la vapeur ?",regional_exam_question,format régional marocain — question adaptée,Elle intensifie l'agitation et le malaise sensoriel.,True,La Boîte à merveilles,,"SRC_9RAYTI_OEUVRE, SRC_9RAYTI_EXAMENS, SRC_ALLOSCHOOL",question pédagogique paraphrasée; pas une reproduction officielle,validation,True,,,examen_regional,question_regionale_adaptee_revue_provisoire,
,,1.5,1,analyse_stylistique,,False,,,LBM-C1-EXAM-023,importante,,fr,intermediaire,,Expliquez l'effet de la répétition du mot « seul » dans une description du narrateur.,regional_exam_question,format régional marocain — question adaptée,Elle insiste sur la persistance de la solitude.,True,La Boîte à merveilles,,"SRC_9RAYTI_OEUVRE, SRC_9RAYTI_EXAMENS, SRC_ALLOSCHOOL",question pédagogique paraphrasée; pas une reproduction officielle,validation,True,,,examen_regional,question_regionale_adaptee_revue_provisoire,
,,2,1,analyse_stylistique,,False,,,LBM-C1-EXAM-024,importante,,fr,avance,,Analysez la métaphore de la maison comme microcosme.,regional_exam_question,format régional marocain — question adaptée,Elle présente Dar Chouafa comme une société réduite où se reproduisent rapports et traditions.,True,La Boîte à merveilles,,"SRC_9RAYTI_OEUVRE, SRC_9RAYTI_EXAMENS, SRC_ALLOSCHOOL",question pédagogique paraphrasée; pas une reproduction officielle,train,True,,,examen_regional,question_regionale_adaptee_revue_provisoire,
,,2,1,analyse_stylistique,,False,,,LBM-C1-EXAM-025,importante,,fr,avance,,Montrez comment la personnification de la mémoire souligne la subjectivité du récit.,regional_exam_question,format régional marocain — question adaptée,Elle représente la mémoire comme une force qui sélectionne et transforme les souvenirs.,True,La Boîte à merveilles,,"SRC_9RAYTI_OEUVRE, SRC_9RAYTI_EXAMENS, SRC_ALLOSCHOOL",question pédagogique paraphrasée; pas une reproduction officielle,train,True,,,examen_regional,question_regionale_adaptee_revue_provisoire,
,,2,1,interpretation,,False,,,LBM-C1-EXAM-026,importante,,fr,avance,,Interprétez la fonction symbolique de la boîte à merveilles.,regional_exam_question,format régional marocain — question adaptée,Elle représente un refuge intime et la capacité de l'imagination à transformer le réel.,True,La Boîte à merveilles,,"SRC_9RAYTI_OEUVRE, SRC_9RAYTI_EXAMENS, SRC_ALLOSCHOOL",question pédagogique paraphrasée; pas une reproduction officielle,validation,True,,,examen_regional,question_regionale_adaptee_revue_provisoire,
,,2,1,interpretation,,False,,,LBM-C1-EXAM-027,importante,,fr,avance,,Pourquoi la solitude demeure-t-elle centrale malgré la présence constante des voisins ?,regional_exam_question,format régional marocain — question adaptée,La proximité physique ne supprime pas l'isolement psychologique et affectif de l'enfant.,True,La Boîte à merveilles,,"SRC_9RAYTI_OEUVRE, SRC_9RAYTI_EXAMENS, SRC_ALLOSCHOOL",question pédagogique paraphrasée; pas une reproduction officielle,validation,True,,,examen_regional,question_regionale_adaptee_revue_provisoire,
,,2,1,interpretation,,False,,,LBM-C1-EXAM-028,importante,,fr,avance,,Analysez la double image du bain maure : lieu social pour les adultes et lieu inquiétant pour l'enfant.,regional_exam_question,format régional marocain — question adaptée,"Elle montre que le réel varie selon l'âge, l'expérience et le point de vue.",True,La Boîte à merveilles,,"SRC_9RAYTI_OEUVRE, SRC_9RAYTI_EXAMENS, SRC_ALLOSCHOOL",question pédagogique paraphrasée; pas une reproduction officielle,validation,True,,,examen_regional,question_regionale_adaptee_revue_provisoire,
,,2,1,interpretation,,False,,,LBM-C1-EXAM-029,importante,,fr,avance,,En quoi Dar Chouafa peut-elle être considérée comme un microcosme social ?,regional_exam_question,format régional marocain — question adaptée,"La maison rassemble plusieurs familles, pratiques, hiérarchies, solidarités et conflits.",True,La Boîte à merveilles,,"SRC_9RAYTI_OEUVRE, SRC_9RAYTI_EXAMENS, SRC_ALLOSCHOOL",question pédagogique paraphrasée; pas une reproduction officielle,validation,True,,,examen_regional,question_regionale_adaptee_revue_provisoire,
,,2,1,interpretation,,False,,,LBM-C1-EXAM-030,importante,,fr,avance,,Montrez que le souvenir participe à la construction de l'identité du narrateur.,regional_exam_question,format régional marocain — question adaptée,"En organisant les épisodes de l'enfance, le narrateur donne un sens à son parcours et à sa sensibilité.",True,La Boîte à merveilles,,"SRC_9RAYTI_OEUVRE, SRC_9RAYTI_EXAMENS, SRC_ALLOSCHOOL",question pédagogique paraphrasée; pas une reproduction officielle,validation,True,,,examen_regional,question_regionale_adaptee_revue_provisoire,
